v_landname,iso_code,v_kontinent,v_sub_region,v_alphabetische_gruppe,v_nationaltier
Afghanistan,AFG,Asia,Southern Asia,A-F,Unbekannt
Åland Islands,ALA,Europe,Northern Europe,S-Z,Unbekannt
Albania,ALB,Europe,Southern Europe,A-F,Unbekannt
Algeria,DZA,Africa,Northern Africa,A-F,Unbekannt
American Samoa,ASM,Oceania,Polynesia,A-F,Unbekannt
Andorra,AND,Europe,Southern Europe,A-F,Unbekannt
Angola,AGO,Africa,Sub-Saharan Africa,A-F,Unbekannt
Anguilla,AIA,Americas,Latin America and the Caribbean,A-F,Unbekannt
Antarctica,ATA,,,A-F,Unbekannt
Antigua and Barbuda,ATG,Americas,Latin America and the Caribbean,A-F,Unbekannt
Argentina,ARG,Americas,Latin America and the Caribbean,A-F,Ruofous Hornero
Armenia,ARM,Asia,Western Asia,A-F,Unbekannt
Aruba,ABW,Americas,Latin America and the Caribbean,A-F,Unbekannt
Australia,AUS,Oceania,Australia and New Zealand,A-F,Känguru
Austria,AUT,Europe,Western Europe,A-F,Adler (Federal Eagle)
Azerbaijan,AZE,Asia,Western Asia,A-F,Unbekannt
Bahamas,BHS,Americas,Latin America and the Caribbean,A-F,Unbekannt
Bahrain,BHR,Asia,Western Asia,A-F,Unbekannt
Bangladesh,BGD,Asia,Southern Asia,A-F,Unbekannt
Barbados,BRB,Americas,Latin America and the Caribbean,A-F,Unbekannt
Belarus,BLR,Europe,Eastern Europe,A-F,Unbekannt
Belgium,BEL,Europe,Western Europe,A-F,Löwe
Belize,BLZ,Americas,Latin America and the Caribbean,A-F,Unbekannt
Benin,BEN,Africa,Sub-Saharan Africa,A-F,Unbekannt
Bermuda,BMU,Americas,Northern America,A-F,Unbekannt
Bhutan,BTN,Asia,Southern Asia,A-F,Unbekannt
"Bolivia, Plurinational State of",BOL,Americas,Latin America and the Caribbean,A-F,Unbekannt
"Bonaire, Sint Eustatius and Saba",BES,Americas,Latin America and the Caribbean,A-F,Unbekannt
Bosnia and Herzegovina,BIH,Europe,Southern Europe,A-F,Unbekannt
Botswana,BWA,Africa,Sub-Saharan Africa,A-F,Unbekannt
Bouvet Island,BVT,Americas,Latin America and the Caribbean,A-F,Unbekannt
Brazil,BRA,Americas,Latin America and the Caribbean,A-F,Jaguar
British Indian Ocean Territory,IOT,Africa,Sub-Saharan Africa,A-F,Unbekannt
Brunei Darussalam,BRN,Asia,South-eastern Asia,A-F,Unbekannt
Bulgaria,BGR,Europe,Eastern Europe,A-F,Unbekannt
Burkina Faso,BFA,Africa,Sub-Saharan Africa,A-F,Unbekannt
Burundi,BDI,Africa,Sub-Saharan Africa,A-F,Unbekannt
Cabo Verde,CPV,Africa,Sub-Saharan Africa,A-F,Unbekannt
Cambodia,KHM,Asia,South-eastern Asia,A-F,Unbekannt
Cameroon,CMR,Africa,Sub-Saharan Africa,A-F,Unbekannt
Canada,CAN,Americas,Northern America,A-F,Biber
Cayman Islands,CYM,Americas,Latin America and the Caribbean,A-F,Unbekannt
Central African Republic,CAF,Africa,Sub-Saharan Africa,A-F,Unbekannt
Chad,TCD,Africa,Sub-Saharan Africa,A-F,Unbekannt
Chile,CHL,Americas,Latin America and the Caribbean,A-F,Unbekannt
China,CHN,Asia,Eastern Asia,A-F,Panda
Christmas Island,CXR,Oceania,Australia and New Zealand,A-F,Unbekannt
Cocos (Keeling) Islands,CCK,Oceania,Australia and New Zealand,A-F,Unbekannt
Colombia,COL,Americas,Latin America and the Caribbean,A-F,Unbekannt
Comoros,COM,Africa,Sub-Saharan Africa,A-F,Unbekannt
Congo,COG,Africa,Sub-Saharan Africa,A-F,Unbekannt
"Congo, Democratic Republic of the",COD,Africa,Sub-Saharan Africa,A-F,Unbekannt
Cook Islands,COK,Oceania,Polynesia,A-F,Unbekannt
Costa Rica,CRI,Americas,Latin America and the Caribbean,A-F,Unbekannt
Côte d'Ivoire,CIV,Africa,Sub-Saharan Africa,A-F,Unbekannt
Croatia,HRV,Europe,Southern Europe,A-F,Unbekannt
Cuba,CUB,Americas,Latin America and the Caribbean,A-F,Unbekannt
Curaçao,CUW,Americas,Latin America and the Caribbean,A-F,Unbekannt
Cyprus,CYP,Asia,Western Asia,A-F,Unbekannt
Czechia,CZE,Europe,Eastern Europe,A-F,Unbekannt
Denmark,DNK,Europe,Northern Europe,A-F,Unbekannt
Djibouti,DJI,Africa,Sub-Saharan Africa,A-F,Unbekannt
Dominica,DMA,Americas,Latin America and the Caribbean,A-F,Unbekannt
Dominican Republic,DOM,Americas,Latin America and the Caribbean,A-F,Unbekannt
Ecuador,ECU,Americas,Latin America and the Caribbean,A-F,Unbekannt
Egypt,EGY,Africa,Northern Africa,A-F,Unbekannt
El Salvador,SLV,Americas,Latin America and the Caribbean,A-F,Unbekannt
Equatorial Guinea,GNQ,Africa,Sub-Saharan Africa,A-F,Unbekannt
Eritrea,ERI,Africa,Sub-Saharan Africa,A-F,Unbekannt
Estonia,EST,Europe,Northern Europe,A-F,Unbekannt
Eswatini,SWZ,Africa,Sub-Saharan Africa,A-F,Unbekannt
Ethiopia,ETH,Africa,Sub-Saharan Africa,A-F,Unbekannt
Falkland Islands (Malvinas),FLK,Americas,Latin America and the Caribbean,A-F,Unbekannt
Faroe Islands,FRO,Europe,Northern Europe,A-F,Unbekannt
Fiji,FJI,Oceania,Melanesia,A-F,Unbekannt
Finland,FIN,Europe,Northern Europe,A-F,Braunbär
France,FRA,Europe,Western Europe,A-F,Gallischer Hahn
French Guiana,GUF,Americas,Latin America and the Caribbean,A-F,Unbekannt
French Polynesia,PYF,Oceania,Polynesia,A-F,Unbekannt
French Southern Territories,ATF,Africa,Sub-Saharan Africa,A-F,Unbekannt
Gabon,GAB,Africa,Sub-Saharan Africa,G-L,Unbekannt
Gambia,GMB,Africa,Sub-Saharan Africa,G-L,Unbekannt
Georgia,GEO,Asia,Western Asia,G-L,Unbekannt
Germany,DEU,Europe,Western Europe,G-L,Bundesadler
Ghana,GHA,Africa,Sub-Saharan Africa,G-L,Unbekannt
Gibraltar,GIB,Europe,Southern Europe,G-L,Unbekannt
Greece,GRC,Europe,Southern Europe,G-L,Delfin
Greenland,GRL,Americas,Northern America,G-L,Unbekannt
Grenada,GRD,Americas,Latin America and the Caribbean,G-L,Unbekannt
Guadeloupe,GLP,Americas,Latin America and the Caribbean,G-L,Unbekannt
Guam,GUM,Oceania,Micronesia,G-L,Unbekannt
Guatemala,GTM,Americas,Latin America and the Caribbean,G-L,Unbekannt
Guernsey,GGY,Europe,Northern Europe,G-L,Unbekannt
Guinea,GIN,Africa,Sub-Saharan Africa,G-L,Unbekannt
Guinea-Bissau,GNB,Africa,Sub-Saharan Africa,G-L,Unbekannt
Guyana,GUY,Americas,Latin America and the Caribbean,G-L,Unbekannt
Haiti,HTI,Americas,Latin America and the Caribbean,G-L,Unbekannt
Heard Island and McDonald Islands,HMD,Oceania,Australia and New Zealand,G-L,Unbekannt
Holy See,VAT,Europe,Southern Europe,G-L,Unbekannt
Honduras,HND,Americas,Latin America and the Caribbean,G-L,Unbekannt
Hong Kong,HKG,Asia,Eastern Asia,G-L,Unbekannt
Hungary,HUN,Europe,Eastern Europe,G-L,Unbekannt
Iceland,ISL,Europe,Northern Europe,G-L,Unbekannt
India,IND,Asia,Southern Asia,G-L,Königstiger
Indonesia,IDN,Asia,South-eastern Asia,G-L,Unbekannt
"Iran, Islamic Republic of",IRN,Asia,Southern Asia,G-L,Unbekannt
Iraq,IRQ,Asia,Western Asia,G-L,Unbekannt
Ireland,IRL,Europe,Northern Europe,G-L,Irischer Wolfshund
Isle of Man,IMN,Europe,Northern Europe,G-L,Unbekannt
Israel,ISR,Asia,Western Asia,G-L,Unbekannt
Italy,ITA,Europe,Southern Europe,G-L,Italienischer Wolf
Jamaica,JAM,Americas,Latin America and the Caribbean,G-L,Unbekannt
Japan,JPN,Asia,Eastern Asia,G-L,Fasan
Jersey,JEY,Europe,Northern Europe,G-L,Unbekannt
Jordan,JOR,Asia,Western Asia,G-L,Unbekannt
Kazakhstan,KAZ,Asia,Central Asia,G-L,Unbekannt
Kenya,KEN,Africa,Sub-Saharan Africa,G-L,Unbekannt
Kiribati,KIR,Oceania,Micronesia,G-L,Unbekannt
"Korea, Democratic People's Republic of",PRK,Asia,Eastern Asia,G-L,Unbekannt
"Korea, Republic of",KOR,Asia,Eastern Asia,G-L,Sibirischer Tiger
Kuwait,KWT,Asia,Western Asia,G-L,Unbekannt
Kyrgyzstan,KGZ,Asia,Central Asia,G-L,Unbekannt
Lao People's Democratic Republic,LAO,Asia,South-eastern Asia,G-L,Unbekannt
Latvia,LVA,Europe,Northern Europe,G-L,Unbekannt
Lebanon,LBN,Asia,Western Asia,G-L,Unbekannt
Lesotho,LSO,Africa,Sub-Saharan Africa,G-L,Unbekannt
Liberia,LBR,Africa,Sub-Saharan Africa,G-L,Unbekannt
Libya,LBY,Africa,Northern Africa,G-L,Unbekannt
Liechtenstein,LIE,Europe,Western Europe,G-L,Unbekannt
Lithuania,LTU,Europe,Northern Europe,G-L,Unbekannt
Luxembourg,LUX,Europe,Western Europe,G-L,Unbekannt
Macao,MAC,Asia,Eastern Asia,M-R,Unbekannt
Madagascar,MDG,Africa,Sub-Saharan Africa,M-R,Unbekannt
Malawi,MWI,Africa,Sub-Saharan Africa,M-R,Unbekannt
Malaysia,MYS,Asia,South-eastern Asia,M-R,Unbekannt
Maldives,MDV,Asia,Southern Asia,M-R,Unbekannt
Mali,MLI,Africa,Sub-Saharan Africa,M-R,Unbekannt
Malta,MLT,Europe,Southern Europe,M-R,Unbekannt
Marshall Islands,MHL,Oceania,Micronesia,M-R,Unbekannt
Martinique,MTQ,Americas,Latin America and the Caribbean,M-R,Unbekannt
Mauritania,MRT,Africa,Sub-Saharan Africa,M-R,Unbekannt
Mauritius,MUS,Africa,Sub-Saharan Africa,M-R,Unbekannt
Mayotte,MYT,Africa,Sub-Saharan Africa,M-R,Unbekannt
Mexico,MEX,Americas,Latin America and the Caribbean,M-R,Steinadler
"Micronesia, Federated States of",FSM,Oceania,Micronesia,M-R,Unbekannt
"Moldova, Republic of",MDA,Europe,Eastern Europe,M-R,Unbekannt
Monaco,MCO,Europe,Western Europe,M-R,Unbekannt
Mongolia,MNG,Asia,Eastern Asia,M-R,Unbekannt
Montenegro,MNE,Europe,Southern Europe,M-R,Unbekannt
Montserrat,MSR,Americas,Latin America and the Caribbean,M-R,Unbekannt
Morocco,MAR,Africa,Northern Africa,M-R,Unbekannt
Mozambique,MOZ,Africa,Sub-Saharan Africa,M-R,Unbekannt
Myanmar,MMR,Asia,South-eastern Asia,M-R,Unbekannt
Namibia,NAM,Africa,Sub-Saharan Africa,M-R,Unbekannt
Nauru,NRU,Oceania,Micronesia,M-R,Unbekannt
Nepal,NPL,Asia,Southern Asia,M-R,Unbekannt
"Netherlands, Kingdom of the",NLD,Europe,Western Europe,M-R,Löwe
New Caledonia,NCL,Oceania,Melanesia,M-R,Unbekannt
New Zealand,NZL,Oceania,Australia and New Zealand,M-R,Unbekannt
Nicaragua,NIC,Americas,Latin America and the Caribbean,M-R,Unbekannt
Niger,NER,Africa,Sub-Saharan Africa,M-R,Unbekannt
Nigeria,NGA,Africa,Sub-Saharan Africa,M-R,Unbekannt
Niue,NIU,Oceania,Polynesia,M-R,Unbekannt
Norfolk Island,NFK,Oceania,Australia and New Zealand,M-R,Unbekannt
North Macedonia,MKD,Europe,Southern Europe,M-R,Unbekannt
Northern Mariana Islands,MNP,Oceania,Micronesia,M-R,Unbekannt
Norway,NOR,Europe,Northern Europe,M-R,Löwe
Oman,OMN,Asia,Western Asia,M-R,Unbekannt
Pakistan,PAK,Asia,Southern Asia,M-R,Unbekannt
Palau,PLW,Oceania,Micronesia,M-R,Unbekannt
"Palestine, State of",PSE,Asia,Western Asia,M-R,Unbekannt
Panama,PAN,Americas,Latin America and the Caribbean,M-R,Unbekannt
Papua New Guinea,PNG,Oceania,Melanesia,M-R,Unbekannt
Paraguay,PRY,Americas,Latin America and the Caribbean,M-R,Unbekannt
Peru,PER,Americas,Latin America and the Caribbean,M-R,Unbekannt
Philippines,PHL,Asia,South-eastern Asia,M-R,Unbekannt
Pitcairn,PCN,Oceania,Polynesia,M-R,Unbekannt
Poland,POL,Europe,Eastern Europe,M-R,Weißer Adler
Portugal,PRT,Europe,Southern Europe,M-R,Hahn von Barcelos
Puerto Rico,PRI,Americas,Latin America and the Caribbean,M-R,Unbekannt
Qatar,QAT,Asia,Western Asia,M-R,Unbekannt
Réunion,REU,Africa,Sub-Saharan Africa,M-R,Unbekannt
Romania,ROU,Europe,Eastern Europe,M-R,Unbekannt
Russian Federation,RUS,Europe,Eastern Europe,M-R,Russischer Bär
Rwanda,RWA,Africa,Sub-Saharan Africa,M-R,Unbekannt
Saint Barthélemy,BLM,Americas,Latin America and the Caribbean,S-Z,Unbekannt
"Saint Helena, Ascension and Tristan da Cunha",SHN,Africa,Sub-Saharan Africa,S-Z,Unbekannt
Saint Kitts and Nevis,KNA,Americas,Latin America and the Caribbean,S-Z,Unbekannt
Saint Lucia,LCA,Americas,Latin America and the Caribbean,S-Z,Unbekannt
Saint Martin (French part),MAF,Americas,Latin America and the Caribbean,S-Z,Unbekannt
Saint Pierre and Miquelon,SPM,Americas,Northern America,S-Z,Unbekannt
Saint Vincent and the Grenadines,VCT,Americas,Latin America and the Caribbean,S-Z,Unbekannt
Samoa,WSM,Oceania,Polynesia,S-Z,Unbekannt
San Marino,SMR,Europe,Southern Europe,S-Z,Unbekannt
Sao Tome and Principe,STP,Africa,Sub-Saharan Africa,S-Z,Unbekannt
Saudi Arabia,SAU,Asia,Western Asia,S-Z,Araber-Pferd
Senegal,SEN,Africa,Sub-Saharan Africa,S-Z,Unbekannt
Serbia,SRB,Europe,Southern Europe,S-Z,Unbekannt
Seychelles,SYC,Africa,Sub-Saharan Africa,S-Z,Unbekannt
Sierra Leone,SLE,Africa,Sub-Saharan Africa,S-Z,Unbekannt
Singapore,SGP,Asia,South-eastern Asia,S-Z,Unbekannt
Sint Maarten (Dutch part),SXM,Americas,Latin America and the Caribbean,S-Z,Unbekannt
Slovakia,SVK,Europe,Eastern Europe,S-Z,Unbekannt
Slovenia,SVN,Europe,Southern Europe,S-Z,Unbekannt
Solomon Islands,SLB,Oceania,Melanesia,S-Z,Unbekannt
Somalia,SOM,Africa,Sub-Saharan Africa,S-Z,Unbekannt
South Africa,ZAF,Africa,Sub-Saharan Africa,S-Z,Springbock
South Georgia and the South Sandwich Islands,SGS,Americas,Latin America and the Caribbean,S-Z,Unbekannt
South Sudan,SSD,Africa,Sub-Saharan Africa,S-Z,Unbekannt
Spain,ESP,Europe,Southern Europe,S-Z,Osborne-Stier
Sri Lanka,LKA,Asia,Southern Asia,S-Z,Unbekannt
Sudan,SDN,Africa,Northern Africa,S-Z,Unbekannt
Suriname,SUR,Americas,Latin America and the Caribbean,S-Z,Unbekannt
Svalbard and Jan Mayen,SJM,Europe,Northern Europe,S-Z,Unbekannt
Sweden,SWE,Europe,Northern Europe,S-Z,Elch
Switzerland,CHE,Europe,Western Europe,S-Z,Keines (Inoffiziell: Kuh)
Syrian Arab Republic,SYR,Asia,Western Asia,S-Z,Unbekannt
"Taiwan, Province of China",TWN,,,S-Z,Unbekannt
Tajikistan,TJK,Asia,Central Asia,S-Z,Unbekannt
"Tanzania, United Republic of",TZA,Africa,Sub-Saharan Africa,S-Z,Unbekannt
Thailand,THA,Asia,South-eastern Asia,S-Z,Unbekannt
Timor-Leste,TLS,Asia,South-eastern Asia,S-Z,Unbekannt
Togo,TGO,Africa,Sub-Saharan Africa,S-Z,Unbekannt
Tokelau,TKL,Oceania,Polynesia,S-Z,Unbekannt
Tonga,TON,Oceania,Polynesia,S-Z,Unbekannt
Trinidad and Tobago,TTO,Americas,Latin America and the Caribbean,S-Z,Unbekannt
Tunisia,TUN,Africa,Northern Africa,S-Z,Unbekannt
Türkiye,TUR,Asia,Western Asia,S-Z,Grauer Wolf
Turkmenistan,TKM,Asia,Central Asia,S-Z,Unbekannt
Turks and Caicos Islands,TCA,Americas,Latin America and the Caribbean,S-Z,Unbekannt
Tuvalu,TUV,Oceania,Polynesia,S-Z,Unbekannt
Uganda,UGA,Africa,Sub-Saharan Africa,S-Z,Unbekannt
Ukraine,UKR,Europe,Eastern Europe,S-Z,Unbekannt
United Arab Emirates,ARE,Asia,Western Asia,S-Z,Unbekannt
United Kingdom of Great Britain and Northern Ireland,GBR,Europe,Northern Europe,S-Z,Löwe
United States of America,USA,Americas,Northern America,S-Z,Weißkopfseeadler
United States Minor Outlying Islands,UMI,Oceania,Micronesia,S-Z,Unbekannt
Uruguay,URY,Americas,Latin America and the Caribbean,S-Z,Unbekannt
Uzbekistan,UZB,Asia,Central Asia,S-Z,Unbekannt
Vanuatu,VUT,Oceania,Melanesia,S-Z,Unbekannt
"Venezuela, Bolivarian Republic of",VEN,Americas,Latin America and the Caribbean,S-Z,Unbekannt
Viet Nam,VNM,Asia,South-eastern Asia,S-Z,Unbekannt
Virgin Islands (British),VGB,Americas,Latin America and the Caribbean,S-Z,Unbekannt
Virgin Islands (U.S.),VIR,Americas,Latin America and the Caribbean,S-Z,Unbekannt
Wallis and Futuna,WLF,Oceania,Polynesia,S-Z,Unbekannt
Western Sahara,ESH,Africa,Northern Africa,S-Z,Unbekannt
Yemen,YEM,Asia,Western Asia,S-Z,Unbekannt
Zambia,ZMB,Africa,Sub-Saharan Africa,S-Z,Unbekannt
Zimbabwe,ZWE,Africa,Sub-Saharan Africa,S-Z,Unbekannt
